1,AFAM,2000
1,AFAM,3150
1,PSYC,3150
1,AFAM,3880
1,AFAM,4200
1,POLS,4200
1,AFAM,4490
1,AFAM,6490
1,DRAM,4490
1,DRAM,6490
1,AFAM,4500
1,AFAM,6500
1,PSYC,4500
1,PSYC,6500
1,AFAM,4550
1,AFAM,6550
1,PSYC,4550
1,PSYC,6550
1,AFAM,4860
1,AFAM,6860
1,ROML,4860
1,ROML,6860
1,AFST,2100
1,ANTH,2100
1,CMLT,2100
1,GEOG,2100
1,HIST,2100
1,SOCI,2100
1,ANTH,1102
1,ANTH,2120H
1,ANTH,3080
1,LING,3080
1,ANTH,3100
1,ANTH,3250
1,ANTH,3410
1,NAMS,3410
1,ANTH,3410H
1,NAMS,3410H
1,ANTH,3430
1,NAMS,3430
1,LACS,3430
1,ANTH,3460
1,AFST,3460
1,ANTH,3540
1,ANTH,4020
1,ANTH,6020
1,NAMS,4020
1,NAMS,6020
1,ANTH,4050
1,ANTH,6050
1,ANTH,4070
1,ANTH,6070
1,ANTH,4460
1,ANTH,6460
1,NAMS,4460
1,NAMS,6460
1,LACS,4460
1,LACS,6460
1,ANTH,4470
1,ANTH,6470
1,HIST,4470
1,HIST,6470
1,NAMS,4470
1,NAMS,6470
1,ANTH,4480
1,ANTH,6480
1,HIST,4480
1,HIST,6480
1,ARTS,2050
1,CMLT,211
1,CMLT,2212
1,CMLT,2270H
1,CMLT,2280H
1,CMLT,2400
1,CMLT,2410H
1,CMLT,2500
1,CMLT,2600
1,AFAM,2600
1,CMLT,3150
1,AFST,3150
1,CMLT,3180
1,AFST,3180
1,CMLT,3190
1,ANTH,3190
1,CMLT,3200
1,CMLT,3210
1,CMLT,3250
1,CMLT,4050
1,CMLT,6050
1,CMLT,4090
1,CMLT,6090
1,CMLT,4150
1,CMLT,6150
1,CMLT,4220
1,CMLT,6300
1,CMLT,4600
1,CMLT,6600
1,CMLT,4610
1,CMLT,6610
1,CMLT,4620
1,CMLT,6620
1,CMLT,4880
1,CMLT,6880
1,AFST,4880
1,AFST,6880
1,CMLT,4890
1,CMLT,6890
1,AFST,4890
1,AFST,6890
1,ENGL,1060H
1,ENGL,1102M
1,ENGL,2390H
1,ENGL,2400
1,ENGL,3100
1,HIST,3100
1,ENGL,3230
1,AFAM,3230
1,ENGL,4040
1,LING,4040
1,AFAM,4040
1,ENGL,4620
1,AFAM,4620
1,ENGL,4630
1,AFAM,4630
1,ENGL,4860
1,ENGL,4880
1,AFAM,4880
1,ENGL,8850
1,CMLT,8850
1,FILM,2130
1,AFAM,2130
1,FREN,2950
1,FREN,4050
1,FREN,4060
1,FREN,4070
1,FREN,4080
1,FREN,4120
1,FREN,6120
1,GEOG,1101
1,GEOG,1103
1,GEOG,2130H
1,GEOG,2130D
1,HIST,2051
1,HIST,2052
1,AFST,2052
1,HIST,2221
1,HIST,2222
1,HIST,2501
1,AFST,2501
1,HIST,2502
1,HIST,2701
1,HIST,2702
1,HIST,2702H
1,HIST,3040
1,HIST,3050
1,HIST,3051
1,HIST,3056H
1,HIST,3101
1,AFAM,3101
1,HIST,3102
1,AFAM,3102
1,HIST,3220
1,HIST,3230
1,HIST,3240
1,HIST,3322
1,HIST,3323
1,HIST,3324
1,HIST,3330
1,HIST,3500
1,AFST,3500
1,HIST,3511
1,AFST,3511
1,HIST,3512
1,AFST,3512
1,HIST,3530
1,HIST,3562
1,HIST,3564
1,HIST,3570H
1,HIST,3580
1,HIST,3601
1,HIST,3602
1,HIST,3661
1,HIST,3662
1,HIST,3663
1,HIST,3670H
1,HIST,3680H
1,HIST,3720H
1,HIST,3751
1,HIST,3752
1,HIST,4055
1,HIST,6055
1,AFAM,4055
1,AFAM,6055
1,HIST,4110
1,HIST,6110
1,HIST,4200
1,HIST,6200
1,HIST,4220
1,HIST,6220
1,HIST,4400
1,HIST,6400
1,HIST,4413
1,HIST,6413
1,HIST,4420
1,HIST,6420
1,HIST,4500
1,HIST,6500
1,AFST,4500
1,AFST,6500
1,HIST,4510
1,HIST,6510
1,AFST,4510
1,AFST,6510
1,HIST,4530
1,HIST,6530
1,HIST,4540
1,HIST,6540
1,AFST,4540
1,AFST,6540
1,HIST,4550
1,HIST,6550
1,AFST,4550
1,AFST,6550
1,HIST,4600
1,HIST,6600
1,HIST,4700
1,HIST,6700
1,ITAL,2500
1,ITAL,2950
1,ITAL,4040
1,ITAL,6040
1,LING,4870
1,LING,6870
1,CMLT,4870
1,CMLT,6870
1,MUSI,2060
1,MUSI,2080
1,AFST,2080
1,MUSI,2960
1,AFAM,2960
1,POLS,4560
1,PORT,2950
1,PORT,4010
1,PORT,6010
1,PORT,4050
1,PORT,6050
1,PORT,4060
1,PORT,6060
1,PORT,4070
1,PORT,6070
1,PORT,4080
1,PORT,6080
1,PSYC,2150
1,AFAM,2150
1,PTSP,2550
1,RELI,1100
1,NAMS,1100
1,RELI,2004
1,NAMS,2004
1,RELI,2005
1,AFAM,2005
1,RELI,4201
1,RELI,6201
1,AFAM,4201
1,AFAM,6201
1,RELI,4203
1,RELI,6203
1,AFAM,4203
1,AFAM,6203
1,RELI,4701
1,RELI,6701
1,ANTH,4701
1,ANTH,6701
1,NAMS,4701
1,NAMS,6701
1,ROML,2550
1,ROML,3000
1,SOCI,2020
1,AFAM,2020
1,SOCI,2820
1,AFAM,2820
1,SOCI,3300
1,AFAM,3330
1,SOCI,4280
1,WMST,4280
1,SOCI,4370
1,AFAM,4370
1,SPAN,2550
1,SPAN,2950
1,SPAN,4060
1,SPAN,4070
1,SPCM,1800
1,SPCM,2810
1,AFAM,2810
1,SPCM,3820
1,AFAM,3820
1,SPCM,4800
1,SPCM,4810
1,AFAM,4810
1,SPCM,4830
1,SPCM,6830
1,AFAM,4830
1,AFAM,6830
1,SPCM,4840
1,SPCM,6840
1,AFAM,4840
1,AFAM,6840
1,THEA,2110
1,THEA,4480
1,THEA,6480
1,AFAM,4480
1,AFAM,6480
1,WMST,1110
1,WMST,3100
1,WMST,4130
1,WMST,6130
2,ADSC,4010
2,ANTH,1102
2,ANTH,2120H
2,ANTH,4070
2,ANTH,6070
2,APTC,3060
2,BIOL,1103
2,BIOL,1104
2,BIOL,1107
2,BIOL,1108
2,BIOL,2107H
2,BIOL,2108H
2,CHEM,1110
2,COMM,3320
2,CRSS,1020
2,WASR,1020
2,CRSS,2010
2,CRSS,2010L
2,CRSS,3050
2,CRSS,3050
2,CRSS,3050L
2,APTC,3050
2,APTC,3050L
2,CRSS,3060
2,FANR,3060
2,CRSS,4340
2,CRSS,6340
2,CRSS,4400
2,CRSS,6400
2,HORT,4400
2,HORT,6400
2,CRSS,4950
2,HORT,4950
2,ECOL,4950
2,CRSS,4760
2,ECOL,1000
2,ECOL,1000H
2,ECOL,3500
2,ECOL,3505H
2,ECOL,4150
2,ECOL,4150L
2,ECON,2100
2,EETH,4200
2,EHSC,3060
2,ENVM,3060
2,ENVM,4650
2,ENVM,4800
2,ENVM,4930
2,FANR,1100
2,MARS,1100
2,FANR,2200
2,GEOG,2200
2,FANR,3200
2,FANR,4271
2,ECOL,4271
2,GEOG,4271
2,INTL,4271
2,RLST,4271
2,FCID,3000
2,GENE,3000
2,BIOL,3000
2,GEOG,1101
2,GEOG,1111
2,GEOG,1112
2,GEOG,1113
2,GEOG,1125
2,GEOG,2110H
2,GEOG,2250H
2,GEOG,2250D
2,GEOG,3210
2,GEOG,4220
2,GEOG,6220
2,GEOG,3210
2,GEOG,4220
2,GEOG,6220
2,PBIO,4220
2,PBIO,6220
2,GEOL,1121
2,GEOL,1121H
2,GEOL,1122
2,GEOL,1122H
2,GEOL,1250
2,GEOL,1250L
2,GEOL,1260
2,GEOL,1260H
2,GEOL,2120
2,GEOL,2350H
2,GEOL,2360H
2,GEOL,3350
2,GEOL,3120
2,GEOL,3120L
2,GEOL,3150
2,GEOL,3300
2,GEOL,4330
2,GEOL,4520
2,GEOL,4700
2,ANTH,4700
2,GEOL,6700
3,ENGL,1101
3,ENGL,1101E
3,ENGL,1101S
3,ENGL,1102
3,ENGL,1102E
3,ENGL,1102M
3,ENGL,1050H
3,ENGL,1060H
3,MATH,1101
3,MATH,1113
3,MATH,2200
3,MATH,2250
3,MATH,2300H
3,MATH,2400
3,MATH,2400H
3,MATH,2410
3,MATH,2410H
4,ASTR,1010
4,ASTR,1010L
4,ASTR,1020
4,ASTR,1020L
4,ASTR,1110H
4,ASTR,1110L
4,ASTR,1120H
4,ASTR,1120L
4,ASTR,1420
4,ASTR,1540
4,ASTR,1660
4,ASTR,1870
4,ASTR,2030L
4,CHEM,1110
4,CHEM,1110L
4,CHEM,1211
4,CHEM,1211L
4,CHEM,1212
4,CHEM,1212L
4,CHEM,1311H
4,CHEM,1311L
4,CHEM,1312H
4,CHEM,1312L
4,CHEM,1411
4,CHEM,1411L
4,CHEM,1412
4,CHEM,1412L
4,CHEM,2100
4,CHEM,2100L
4,CHEM,2211
4,CHEM,2211L
4,CHEM,2212
4,CHEM,2212L
4,CHEM,2311H
4,CHEM,2311L
4,CHEM,2312H
4,CHEM,2312L
4,CRSS,1020
4,WASR,1020
4,GEOG,1111
4,GEOG,1111L
4,GEOG,1112
4,GEOG,1112L
4,GEOG,1113
4,GEOG,1113L
4,GEOG,1125
4,GEOG,2110H
4,GEOG,2110L
4,GEOG,2120H
4,GEOG,2250H
4,GEOG,2250D
4,GEOL,1120
4,GEOL,1121
4,GEOL,1121H
4,GEOL,1121L
4,GEOL,1122
4,GEOL,1122H
4,GEOL,1122L
4,GEOL,1250
4,GEOL,1250L
4,GEOL,1260
4,GEOL,1260L
4,GEOL,2350H
4,GEOL,2360H
4,HONS,2070H
4,BIOL,2070H
4,CHEM,2070H
4,GEOL,2070H
4,PHYS,2070H
4,MARS,1010
4,MARS,1010L
4,MARS,1011
4,MARS,1015H
4,MARS,1015L
4,PHYS,1010
4,PHYS,1111
4,PHYS,1111L
4,PHYS,1112
4,PHYS,1112L
4,PHYS,1211
4,PHYS,1211L
4,PHYS,1212
4,PHYS,1212L
4,PHYS,1311
4,PHYS,1311L
5,ANTH,2070H
5,ANTH,2070L
5,BIOL,1103
5,BIOL,1103H
5,BIOL,1103L
5,BIOL,1104
5,BIOL,1104H
5,BIOL,1104L
5,BIOL,1107H
5,BIOL,1107
5,BIOL,1108H
5,BIOL,1108
5,BIOL,2107H
5,BIOL,2108H
5,CRSS,2010
5,CRSS,2010L
5,ECOL,1000
5,ECOL,1000H
5,ECOL,1000L
5,FANR,1100
5,MARS,1100
5,FANR,1200
5,ECOL,1200
5,GEOG,1200
5,HONS,2080H
5,BIOL,2080H
5,CHEM,2080H
5,GEOL,2080H
5,PHYS,2080H
5,MARS,1025H
5,MARS,1020L
5,MARS,1025H
5,MARS,1025L
5,PBIO,1210
5,PBIO,1210H
5,PBIO,1210L
5,PBIO,1220
5,PBIO,1220H
5,PBIO,1220L
5,PBIO,1221H
5,BIOL,1210
5,BIOL,1210H
5,BIOL,1210L
5,BIOL,1220
5,BIOL,1220H
5,BIOL,1220L
6,ARTS,2100
6,bios,2010
6,BIOS,2010L
6,CSCI,1130
6,CSCI,1210
6,CSCI,1301
6,CSCI,1301L
6,CSCI,2150
6,CSCI,2150L
6,CSCI,2610
6,ENGG,2000
6,GEOG,2011
6,GEOG,2011L
6,GEOG,2300
6,MATH,1060
6,MATH,1113
6,MATH,2110
6,MATH,2200
6,MATH,2250
6,MATH,2260
6,MATH,2300H
6,MATH,2310H
6,MATH,2400
6,MATH,2400H
6,MATH,2410
6,MATH,2410H
6,MATH,2500
6,MATH,2700
6,PHIL,2500
6,PHIL,2500H
6,PHIL,1111
6,PHIL,1111L
6,PHYS,1112
6,PHYS`,1112L
6,PHYS,1211
6,PHYS,1211L
6,PHYS,1212
6,PHYS,1212L
6,PHYS,1311
6,PHYS,1311
6,PHYS,1311L
6,STAT,2000
6,STAT,2100H
7,AESC,2990S
7,AFST,2100
7,AMHA,1001
7,AMHA,1002
7,AMHA,2001
7,AMHA,2002
7,ANTH,1102
7,ANTH,2120H
7,ARAB,1001
7,ARAB,1002
7,ARAB,2003
7,ARAB,2004
7,ARHI,2300
7,ARHI,2311H
7,ARHI,2400*
7,ARHI,2411H
7,BENG,1001
7,BENG,1002
7,CHNS,1001
7,CHNS,1002
7,CHNS,1008
7,CHNS,1009
7,CHNS,2001
7,CHNS,2002
7,CHNS,2010
7,CHNS,2020
7,CLAS,2010
7,CMLT,2600
7,CMLT,2610H
7,FREN,1001
7,FREN,1002
7,FREN,1110
7,FREN,2001
7,FREN,2002
7,FREN,2030
7,FREN,2120H
7,FREN,2500
7,FREN,2600
7,GEOG,1101
7,GEOG,2010H
7,GREK,1001
7,GREK,1002
7,GREK,2001
7,GREK,2002
7,GREK,2050
7,GREK,2060
7,GRMN,1001
7,GRMN,1002
7,GRMN,1110
7,GRMN,1140H
7,GRMN,2001
7,GRMN,2002
7,GRMN,2110
7,GRMN,2140H
7,GRMN,2300
7,GRMN,2400
7,GRMN,2410
7,HEBR,1001
7,HEBR,1002
7,HEBR,2003
7,HEBR,2004
7,HIST,2221
7,HIST,2222
7,HIST,2301
7,HIST,2302
7,HIST,2311H
7,HIST,2312H
7,HIST,2501
7,HIST,2502
7,HIST,2600
7,HIST,2701
7,HIST,2701H
7,HIST,2702
7,HIST,2702H
7,HNDI,1001
7,HNDI,1002
7,HNDI,2001
7,HNDI,2002
7,INDO,1001
7,INDO,1002
7,INDO,2003
7,INDO,2004
7,ITAL,1001
7,ITAL,1002
7,ITAL,1003
7,ITAL,2001
7,ITAL,2002
7,ITAL,2500
7,ITAL,2600
7,ITAL,2950
7,JPNS,1001
7,JPNS,1002
7,JPNS,1100
7,JPNS,2001
7,JPNS,2002
7,KREN,1001
7,KREN,1002
7,KREN,2001
7,KREN,2002
7,LACS,1000
7,LACS,2001
7,LACS,2002
7,LAND,2510
7,LAND,2520
7,LATN,1001
7,LATN,1002
7,LATN,2001
7,LATN,2002
7,LATN,2050
7,LATN,2060
7,LING,2100
7,LING,2100H
7,MAND,1010
7,MAND,1020
7,MAND,2010
7,MAND,2020
7,PERS,1001
7,PERS,1002
7,PERS,2003
7,PERS,2004
7,PORT,1001
7,PORT,1002
7,PORT,2001
7,PORT,2002
7,PORT,2600
7,RELI,1001
7,RELI,1002
7,RELI,1006
7,RELI,2001H
7,RELI,2002H
7,ROML,2550
7,RUSS,1001
7,RUSS,1002
7,RUSS,2001
7,RUSS,2002
7,RUSS,2010
7,RUSS,2050
7,SCAN,1001
7,SCAN,1002
7,SLAV,1001
7,SLAV,1002
7,SLAV,2100
7,SPAN,1001
7,SPAN,1002
7,SPAN,1110
7,SPAN,2001
7,SPAN,2002
7,SPAN,2030
7,SPAN,2120H
7,SPAN,2550
7,SWAH,1010
7,SWAH,1020
7,SWAH,2010
7,SWAH,2020
7,TURK,1001
7,TURK,1002
7,URDU,1001
7,URDU,1002
7,URDU,2003
7,URDU,2004
7,VIET,1001
7,VIET,1002
7,VIET,2001
7,YORB,1010
7,YORB,1020
7,YORB,2010
7,YORB,2020
7,ZULU,1001
7,ZULU,1002
7,ZULU,2001
7,ZULU,2002
8,ARHI,2300
8,ARHI,2311H
8,ARHI,2400
8,ARHI,2411H
8,ARTS,2000
8,ARTS,1000H
8,CLAS,1000
8,CLAS,1000H
8,CLAS,1010
8,CLAS,1010H
8,CLAS,1020
8,CLAS,1020H
8,CMLT,2111
8,CMLT,2210
8,CMLT,2212
8,CMLT,2220
8,CMLT,2250H
8,CMLT,2260H
8,CMLT,2270H
8,CMLT,2280H
8,CMLT,2400
8,CMLT,2410H
8,CMLT,2500
8,CMLT,2600
8,CMLT,2610H
8,COMM,1100
8,COMM,1500
8,COMM,2150H
8,COMM,2550H
8,DANC,2010
8,ENGL,2310
8,ENGL,2320
8,ENGL,2330
8,ENGL,2340
8,ENGL,2350H
8,ENGL,2360H
8,ENGL,2370H
8,ENGL,2380H
8,ENGL,2390H
8,ENGL,2400
8,FILM,2120
8,FILM,2121H
8,FILM,2130
8,FREN,2700
8,GRMN,2300
8,GRMN,2400
8,GRMN,2410
8,LAND,1500
8,LAND,2510
8,LAND,2520
8,MUSI,2020
8,MUSI,2030
8,MUSI,2040
8,MUSI,2050
8,MUSI,2060
8,MUSI,2080
8,MUSI,2200H
8,PHIL,2010
8,PHIL,2010H
8,PHIL,2020
8,PHIL,2020H
8,RELI,2003H
8,ROML,2550
8,RUSS,2050
8,SLAV,2100
8,SPAN,2550
8,THEA,2000
8,THEA,2100H
8,THEA,2110
8,THEA,2131H
9,AAEC,2580
9,AFAM,2000
9,AFAM,2000H
9,AFST,2100
9,ANTH,2100
9,CMLT,2100
9,GEOG,2100
9,HIST,2100
9,SOCI,2100
9,ANTH,1102
9,ANTH,2070H
9,ANTH,2120H
9,CHFD,2100
9,CHFD,2200
9,CLAS,2000
9,ANTH,2000
9,CLAS,2110
9,CLAS,2113
9,ECON,2100
9,ECON,2105
9,ECON,2105H
9,ECON,2106
9,ECON,2106H
9,ECON,2200
9,ECON,2200H
9,ENVM,2060
9,FANR,2200
9,FEOG,2200
9,GEOG,1101
9,GEOG,1103
9,GEOG,1125
9,GEOG,2010H
9,GEOG,2130H
9,GEOG,2250H
9,GEOG,2610
9,HACE,1110
9,HIST,2051
9,HIST,2052
9,AFST,2052
9,HIST,2111
9,HIST,2111E
9,HIST,2111H
9,HIST,2112
9,HIST,2112H
9,HIST,2221
9,HIST,2222
9,HIST,2301
9,HIST,2302
9,HIST,2311H
9,HIST,2312H
9,HIST,2501
9,AFST,2501
9,HIST,2502
9,HIST,2600
9,HIST,2701
9,HIST,2701H
9,HIST,2702
9,HIST,2702H
9,INTL,1100
9,INTL,1100H
9,LACS,1000
9,LACS,2001
9,LACS,2002
9,PHIL,2030
9,PHIL,2030H
9,PHIL,2400
9,PHIL,2400H
9,POLS,1101
9,POLS,1105H
9,PSYC,1030H
9,PSYC,1101
9,PSYC,1101E
9,RELI,2004
9,NAMS,2004
9,RELI,2004H
9,NAMS,2004H
9,RELI,2005
9,AFAM,2005
9,RLST,2000
9,SOCI,1101
9,SOCI,1101H
9,SOCI,2020
9,AFAM,2020
9,SOCI,2420
9,SOCI,2470
9,SOCI,2600
9,SOCI,2820
9,AFAM,2820
9,WMST,1110
9,WMST,1110H
9,WMST,2010
9,WMST,2010H
10,AESC,2990S
10,AFST,2100
10,ANTH,2100
10,CMLT,2100
10,GEOG,2100
10,HIST,2100
10,SOCI,2100
10,AMAH,1001
10,AMAH,1002
10,AMAH,2001
10,AMAH,2002
10,ANTH,1102
10,ANTH,2120H
10,ARAB,1001
10,ARAB,1002
10,ARAB,2003
10,ARAB,2004
10,ARHI,2300
10,ARHI,2311H
10,ARHI,2400
10,ARHI,2411H
10,BENG,1001
10,BENG,1002
10,CHNS,1008
10,CHNS,1009
10,CHNS,2001
10,CHNS,2002
10,CHNS,2010
10,CHNS,2020
10,CLAS,2010
10,CMLT,2600
10,CMLT,2610H
10,FREN,1001
10,FREN,1002
10,FREN,1110
10,FREN,2001
10,FREN,2002
10,FREN,2030
10,FREN,2120H
10,FREN,2500
10,FREN,2600
10,GEOG,1101
10,GEOG,2010H
10,GREK,1001
10,GREK,1002
10,GREK,2001
10,GREK,2002
10,GREK,2050
10,GREK,2060
10,GRMN,1001
10,GRMN,1002
10,GRMN,1110
10,GRMN,1140H
10,GRMN,2001
10,GRMN,2002
10,GRMN,2110
10,GRMN,2140H
10,GRMN,2300
10,GRMN,2400
10,GRMN,2410
10,HEBR,1001
10,HEBR,1002
10,HEBR,2003
10,HEBR,2004
10,HNDI,1001
10,HNDI,1002
10,HNDI,2001
10,HNDI,2002
10,INDO,1001
10,INDO,1002
10,INDO,2003
10,INDO,2004
10,ITAL,1001
10,ITAL,1002
10,ITAL,1003
10,ITAL,2001
10,ITAL,2002
10,ITAL,2500
10,ITAL,2600
10,ITAL,2950
10,JPNS,1001
10,JPNS,1002
10,JPNS,1100
10,JPNS,2001
10,JPNS,2002
10,KREN,1001
10,KREN,1002
10,KREN,2001
10,KREN,2002
10,LACS,1000
10,LACS,2001
10,LACS,2002
10,LAND,2510
10,LAND,2520
10,LATIN,1001
10,LATIN,1002
10,LATIN,2001
10,LATIN,2002
10,LATIN,2050
10,LATIN,2060
10,LING,2100
10,MAND,2100H
10,MAND,1010
10,MAND,1020
10,MAND,2010
10,MAND,2020
10,PERS,1001
10,PERS,1002
10,PERS,2003
10,PERS,2004
10,PORT,1001
10,PORT,1002
10,PORT,2001
10,PORT,2002
10,PORT,2600
10,ROML,2550
10,RUSS,1001
10,RUSS,1002
10,RUSS,2001
10,RUSS,2002
10,RUSS,2010
10,RUSS,2050
10,SCAN,1001
10,SCAN,1002
10,SLAV,1001
10,SLAV,1002
10,SLAV,2100
10,SPAN,1001
10,SPAN,1002
10,SPAN,1110
10,SPAN,2001
10,SPAN,2002
10,SPAN,2030
10,SPAN,2120H
10,SPAN,2550
10,SWAH,1010
10,SWAH,1020
10,SWAH,2010
10,SWAH,2020
10,TURK,1001
10,TURK,1002
10,URDU,1001
10,URDU,1002
10,URDU,2003
10,URDU,2004
10,VIET,1001
10,VIET,1002
10,VIET,2001
10,YORB,1010
10,YORB,1020
10,YORB,2010
10,YORB,2020
10,ZULU,1001
10,ZULU,1002
10,ZULU,2001
10,ZULU,2002
11,AFST,3150
11,AFST,3151
11,AFST,4245
11,ANTH,4245
11,CLAS,1000
11,CLAS,1000H
11,CLAS,1010
11,CLAS,1010H
11,CLAS,1020
11,CLAS,1020H
11,CMLT,2111
11,CMLT,2210
11,CMLT,2212
11,CMLT,2220
11,CMLT,2250H
11,CMLT,2260H
11,CMLT,2270H
11,CMLT,2280H
11,CMLT,2400
11,CMLT,2410H
11,CMLT,2500
11,CMLT,2600
11,CMLT,2610H
11,CMLT,3000
11,CMLT,3010H
11,CMLT,3100
11,CMLT,3110
11,CMLT,3140
11,CMLT,3150
11,CMLT,3151
11,CMLT,3160
11,CMLT,3170
11,CMLT,3180
11,CMLT,3190
11,CMLT,3200
11,CMLT,3210
11,CMLT,3220
11,CMLT,3240
11,CMLT,3241
11,CMLT,3250
11,CMLT,3260
11,CMLT,4050
11,CMLT,4070
11,CMLT,4080
11,CMLT,4081
11,CMLT,4082
11,CMLT,4090
11,CMLT,4100
11,CMLT,4110
11,CMLT,4120
11,CMLT,4150
11,CMLT,4200
11,CMLT,4210
11,CMLT,4220
11,CMLT,4230
11,CMLT,4245
11,CMLT,4250
11,CMLT,4300
11,CMLT,4320
11,CMLT,4245
11,CMLT,4250
11,CMLT,4300
11,CMLT,4320
11,CMLT,4350
11,CMLT,4400
11,CMLT,4400H
11,CMLT,4444
11,CMLT,4510
11,CMLT,4600
11,CMLT,4610
11,CMLT,4620
11,CMLT,4630
11,CMLT,4875
11,CMLT,4880
11,CMLT,4890
11,CMLT,4895
11,FREN,3030
11,FREN,3030H
11,FREN,4050
11,FREN,4060
11,FREN,4070
11,FREN,4080
11,FREN,4120
11,GRMN,3120
11,GRMN,3410
11,GRMN,3420
11,GRMN,3600H
11,GRMN,3610
11,GRMN,3620H
11,GRMN,3625
11,GRMN,3630
11,GRMN,3710
11,GRMN,3810
11,GRMN,3830
11,GRMN,3840
11,GRMN,3870
11,GRMN,4015
11,GRMN,4020
11,GRMN,4310
11,GRMN,4410
11,GRMN,4610H
11,GRMN,4710
11,ITAL,2500
11,ITAL,4030
11,ITAL,4050
11,ITAL,4060
11,ITAL,4070
11,ITAL,4120
11,LING,2100
11,LING,2100H
11,PORT,4080
11,PTSP,2550
11,RELI,4001
11,RELI,4080
11,ROML,2550
11,ROML,3000
11,RULL,2010
11,RUSS,4050
11,RUSS,4060
11,RUSS,4070
11,RUSS,4080
11,RUSS,4090
11,RUSS,4250
11,RUSS,4260
11,RUSS,4270
11,RUSS,4280
11,SPAN,2550
11,SPAN,3030
11,SPAN,3030H
11,SPAN,3040
11,SPAN,4040
11,SPAN,4050
11,SPAN,4060
11,SPAN,4070
11,SPAN,4080
11,SPAN,4120
12,ARHI,2300
12,ARHI,2300
12,ARHI,2300
12,ARHI,2311H
12,ARHI,2400
12,ARHI,2400
12,ARHI,2411H
12,ARHI,3002
12,ARHI,3020
12,ARHI,3050
12,ARHI,3056
12,ARHI,3065
12,ARHI,3100
12,ARHI,4060
12,ARHI,4150
12,ARHI,4350
12,ARHI,4410
12,ARHI,4500
12,ARHI,4800
12,ARHI,4900
12,ARHI,4910
12,ARHI,6060
12,ARHI,6150
12,ARHI,6410
12,ARHI,6500
12,ARHI,6900
12,ARHI,8040
12,ARHI,8110
12,PHIL,2010
12,PHIL,2010H
12,PHIL,2010H
12,PHIL,2020
12,PHIL,2020H
12,PHIL,2030
12,PHIL,2030H
12,PHIL,2400H
12,PHIL,2500
12,PHIL,2500
12,PHIL,2500
12,PHIL,2500
12,PHIL,2500
12,PHIL,2500
12,PHIL,2500
12,PHIL,2500
12,PHIL,2500H
12,PHIL,3000
12,PHIL,3000
12,PHIL,3010
12,PHIL,3010
12,PHIL,3020
12,PHIL,3200
12,PHIL,3550
12,PHIL,3600
12,PHIL,3610
12,PHIL,4010
12,PHIL,4030
12,PHIL,4100
12,PHIL,4220
12,PHIL,4510
12,PHIL,4550
12,PHIL,6010
12,PHIL,6030
12,PHIL,6100
12,PHIL,6220
12,PHIL,6510
12,PHIL,6550
12,PHIL,7010
12,PHIL,8000
12,PHIL,8200
12,PHIL,8300
12,PHIL,8310
12,PHIL,8600
12,PHIL,8700
12,PHIL,8800
12,PHIL,9000
12,PHIL,9005
12,PHIL,9300
12,RELI,1001
12,RELI,1001
12,RELI,1001
12,RELI,1001
12,RELI,1001
12,RELI,1001
12,RELI,1001
12,RELI,1001
12,RELI,1001
12,RELI,1001
12,RELI,1001
12,RELI,1001
12,RELI,1001
12,RELI,1001
12,RELI,1001
12,RELI,1001
12,RELI,1001
12,RELI,1001
12,RELI,1001
12,RELI,1001
12,RELI,1001
12,RELI,1001
12,RELI,1001
12,RELI,1001
12,RELI,1001
12,RELI,1001
12,RELI,1001
12,RELI,1001
12,RELI,1001
12,RELI,1001
12,RELI,1001
12,RELI,1002
12,RELI,1003
12,RELI,1003
12,RELI,1003
12,RELI,1003
12,RELI,1003
12,RELI,1006
12,RELI,1100
12,RELI,2001H
12,RELI,2001H
12,RELI,2003H
12,RELI,2004
12,RELI,4005
12,RELI,4084
12,RELI,4089
12,RELI,4101
12,RELI,4107
12,RELI,4307
12,RELI,4401
12,RELI,4520
12,RELI,4530
12,RELI,4625
12,RELI,4705
12,RELI,4900
12,RELI,4900
12,RELI,4900
12,RELI,4900
12,RELI,6005
12,RELI,6084
12,RELI,6089
12,RELI,6101
12,RELI,6107
12,RELI,6401
12,RELI,6520
12,RELI,6530
12,RELI,6625
12,RELI,6705
12,RELI,7000
12,RELI,7000
12,RELI,7000
12,RELI,7000
12,RELI,7000
12,RELI,7000
12,RELI,7000
12,RELI,7000
12,RELI,7000
12,RELI,7000
12,RELI,7000
12,RELI,7005
12,RELI,7005
12,RELI,7005
12,RELI,7005
12,RELI,7005
12,RELI,7005
12,RELI,7005
12,RELI,7005
12,RELI,7005
12,RELI,7005
12,RELI,7005
12,RELI,7300
12,RELI,7300
12,RELI,7300
12,RELI,7300
12,RELI,7300
12,RELI,7300
12,RELI,7300
12,RELI,7300
12,RELI,7300
12,RELI,7300
12,RELI,7300
12,RELI,7770
12,RELI,7771
12,RELI,8700
12,RELI,8700
13,HIST,1200
13,HIST,2051
13,HIST,2052
13,AFST,2052
13,HIST,2100
13,AFST,2100
13,ANTH,2100
13,CMLT,2100
13,GEOG,2100
13,SOCI,2100
13,HIST,2111
13,HIST,2111H
13,HIST,2111E
13,HIST,2112H
13,HIST,2112
13,HIST,2221
13,HIST,2222
13,HIST,2301
13,HIST,2302
13,HIST,2311H
13,HIST,2312H
13,HIST,2501
13,AFST,2501
13,HIST,2502
13,HIST,2600
13,HIST,2701H
13,HIST,2701
13,HIST,2702
13,HIST,2702H
13,HIST,3020
13,HIST,3030
13,HIST,3040
13,HIST,3050
13,HIST,3051
13,HIST,3055H
13,HIST,3056
13,HIST,3056H
13,HIST,3057
13,HIST,3060
13,HIST,3071
13,HIST,3072
13,HIST,3073
13,HIST,3080H
13,HIST,3085
13,HIST,3086
13,HIST,3090
13,HIST,3100
13,ENGL,3100
13,HIST,3101
13,AFAM,3101
13,HIST,3102
13,AFAM,3102
13,HIST,3150
13,RELI,3150
13,HIST,3160
13,HIST,3160H
13,HIST,3170
13,HIST,3220H
13,HIST,3220
13,HIST,3230
13,HIST,3240
13,HIST,3270
13,HIST,3311
13,CLAS,3311
13,HIST,3312
13,CLAS,3312
13,HIST,3321
13,CLAS,3321
13,HIST,3322
13,HIST,3323
13,HIST,3324
13,HIST,3330
13,HIST,3340
13,HIST,3350
13,HIST,3361
13,HIST,3361H
13,HIST,3362H
13,HIST,3362
13,HIST,3371
13,HIST,3372
13,HIST,3381
13,HIST,3382
13,HIST,3390
13,HIST,3400
13,HIST,3400H
13,HIST,3411
13,HIST,3412
13,HIST,3415
13,HIST,3415
13,HIST,3421
13,HIST,3432
13,HIST,3433
13,HIST,3443
13,HIST,3490
13,HIST,3500
13,AFST,3500
13,HIST,3511
13,AFST,3511
13,HIST,3512
13,AFST,3512
13,HIST,3530
13,AFST,3530
13,HIST,3561
13,HIST,3562
13,HIST,3564
13,HIST,3570H
13,HIST,3579
13,HIST,3580
13,HIST,3601
13,HIST,3602
13,HIST,3661
13,HIST,3662
13,HIST,3663
13,HIST,3670H
13,HIST,3680H
13,HIST,3720H
13,HIST,3751
13,HIST,3752
13,HIST,3910H
13,HIST,4000
13,HIST,6000
13,HIST,4020
13,HIST,6020
13,HIST,4025
13,HIST,6025
13,HIST,4028
13,HIST,4029
13,HIST,6029
13,HIST,4030H
13,HIST,4035
13,HIST,6025
13,HIST,4040
13,HIST,6040
13,HIST,4050
13,HIST,6050
13,HIST,4055
13,HIST,6055
13,AFAM,4055
13,AFAM,6055
13,HIST,4060
13,HIST,6060
13,HIST,4065
13,HIST,6065
13,HIST,4066
13,HIST,6066
13,HIST,4066H
13,HIST,4067
13,HIST,6067
13,HIST,4068
13,HIST,6068
13,HIST,4070H
13,HIST,4070
13,HIST,6070
13,HIST,4071
13,HIST,6071
13,HIST,4072
13,HIST,6072
13,HIST,4073
13,HIST,6073
13,HIST,4074
13,HIST,6074
13,HIST,4080
13,HIST,6080
13,HIST,4082
13,HIST,4085
13,HIST,6085
13,HIST,4086
13,HIST,6086
13,HIST,4091
13,HIST,6091
13,HIST,4092
13,HIST,6092
13,HIST,4094
13,HIST,6094
13,HIST,4100
13,HIST,6100
13,HIST,4110H
13,HIST,4100
13,HIST,6110
13,HIST,4115
13,WMST,4115
13,HIST,4120
13,HIST,6120
13,HIST,4130H
13,HIST,4150
13,HIST,6150
13,ESOC,4150
13,ESOC,6150
13,HIST,4200
13,HIST,6200
13,HIST,4211H
13,HIST,4211
13,HIST,6211
13,HIST,4214
13,HIST,6214
13,RELI,4214
13,RELI,6214
13,HIST,4220
13,HIST,6220
13,HIST,4225
13,HIST,6225
13,CLAS,4225
13,CLAS,6225
13,HIST,4230
13,HIST,6230
13,HIST,4240
13,HIST,6240
13,LACS,4240
13,LACS,6240
13,HIST,4250
13,HIST,6250
13,HIST,4300
13,HIST,6300
13,HIST,4301
13,HIST,6301
13,HIST,4320
13,HIST,6320
13,CLAS,4320
13,CLAS,6320
13,HIST,4329
13,HIST,6329
13,CLAS,4329
13,CLAS,6329
13,HIST,4330
13,HIST,6330
13,HIST,4340
13,HIST,6340
13,HIST,4345
13,SPAN,4345
13,HIST,4350
13,HIST,6350
13,HIST,4355H
13,HIST,4355
13,HIST,6355
13,HIST,4360
13,HIST,6360
13,HIST,4365
13,HIST,6365
13,HIST,4371
13,HIST,6371
13,HIST,4372
13,HIST,6372
13,HIST,4373
13,HIST,6373
13,HIST,4374
13,HIST,6374
13,HIST,4375
13,HIST,4376H
13,HIST,4381
13,HIST,6381
13,HIST,4382
13,HIST,6382
13,HIST,4383
13,HIST,6383
13,HIST,4385H
13,HIST,4391
13,HIST,6391
13,HIST,4392
13,HIST,6392
13,HIST,4393
13,HIST,4394
13,HIST,6394
13,HIST,4400
13,HIST,6400
13,HIST,4410
13,HIST,6410
13,HIST,4413
13,HIST,6413
13,HIST,4420
13,HIST,6420
13,HIST,4430
13,HIST,6430
13,HIST,4432
13,HIST,6432
13,HIST,4435
13,HIST,6435
13,HIST,4440
13,HIST,6440
13,HIST,4450
13,HIST,6450
13,HIST,4470
13,HIST,6470
13,ANTH,4470
13,ANTH,6470
13,NAMS,4470
13,NAMS,6470
13,HIST,4480
13,HIST,6480
13,ANTH,4480
13,ANTH,6480
13,HIST,4500
13,HIST,6500
13,AFST,4500
13,AFST,6500
13,HIST,4510
13,HIST,6510
13,AFST,4510
13,AFST,6510
13,HIST,4520
13,HIST,6520
13,HIST,4530
13,HIST,6530
13,HIST,4540
13,HIST,6540
13,HIST,4550
13,HIST,6550
13,AFST,4550
13,AFST,6550
13,HIST,4560
13,HIST,6560
13,HIST,4565
13,HIST,6565
13,HIST,4580
13,HIST,6580
13,HIST,4600
13,HIST,6600
13,HIST,4610
13,HIST,6610
13,HIST,4620
13,HIST,6620
13,HIST,4625
13,HIST,6625
13,HIST,4630
13,HIST,6630
13,HIST,4640
13,HIST,6640
13,HIST,4700
13,HIST,6700
13,HIST,4710
13,HIST,6710
13,HIST,4725
13,HIST,6725
13,HIST,4730H
13,HIST,4750
13,HIST,6750
13,HIST,4860
13,HIST,6860
13,PHIL,4860
13,PHIL,6860
13,HIST,4900
13,HIST,6900
13,EDHI,4900
13,EDHI,6900
13,HIST,4960
13,HIST,6960
13,HIST,4960H
13,HIST,4970H
13,HIST,4980H
13,HIST,4990H
13,HIST,4990
13,HIST,6376
13,HIST,6511
13,HIST,6521
13,HIST,6522
13,HIST,6531
13,AFST,6531
13,HIST,6611
13,HIST,6612
13,HIST,6671
13,HIST,6672
13,HIST,6673
13,HIST,7000
13,HIST,7005
13,HIST,7200
13,HIST,7300
13,HIST,7900
13,HIST,7920
13,HIST,8000
13,EDHI,8000
13,HIST,8001
13,HIST,8005
13,AFAM,8005
13,HIST,8010
13,HIST,8020
13,HIST,8027
13,HIST,8030
13,HIST,8040
13,HIST,8050
13,HIST,8060
13,HIST,8100
13,HIST,8111
13,HIST,8112
13,HIST,8220
13,HIST,8300
13,HIST,8310
13,HIST,8320
13,HIST,8321
13,HIST,8322
13,HIST,8323
13,HIST,8330
13,HIST,8600
13,HIST,8700
13,HIST,8705
13,HIST,8710
13,HIST,8720
13,HIST,8750
13,HIST,8760
13,HIST,8860
13,HIST,9000
13,HIST,9005
13,HIST,9010
13,HIST,9300
14,AFST,2100
14,ANTH,2100
14,CMLT,2100
14,GEOG,2100
14,HIST,2100
14,ANTH,1102
14,ANTH,2070H
14,ANTH,2120H
14,ANTH,3040
14,ANTH,3090
14,ANTH,3100
14,ANTH,3200
14,ANTH,3210
14,ANTH,3220
14,ANTH,3230
14,ANTH,3250
14,ANTH,3290
14,ANTH,3300
14,ANTH,3310
14,ANTH,3320
14,ANTH,3530
14,ANTH,3540
14,ANTH,3550
14,ANTH,4010
14,ANTH,4015
14,ANTH,4040
14,ANTH,4050
14,ANTH,4060
14,ANTH,4061
14,ANTH,4070
14,ANTH,4075
14,ANTH,4085
14,ANTH,4100
14,ANTH,4200
14,ANTH,4220
14,ANTH,4240
14,ANTH,4320
14,ANTH,4530
14,ANTH,4540
14,ANTH,4560
14,ANTH,4570
14,ANTH,4580
14,ANTH,4590
14,ANTH,4630
14,ANTH,4710
14,ANTH,4720
14,ANTH,4730
14,ANTH,4740
14,ANTH,4790
14,ANTH,4800
14,ANTH,4900
14,ANTH,4910
14,ANTH,4950
14,ANTH,4960H
14,ANTH,4970H
14,ANTH,4980H
14,ANTH,4990H
14,ANTH,6490
14,ANTH,6520
14,ANTH,6600
14,ANTH,6610
14,ANTH,6620
14,ANTH,6920
14,ANTH,6950
14,ANTH,6980
14,ANTH,7000
14,ANTH,7000E
14,ANTH,7001
14,ANTH,7002
14,ANTH,7300E
14,ANTH,7300
14,ANTH,8000
14,ANTH,8000E
14,ANTH,8040
14,ANTH,8060
14,ANTH,8160
14,ANTH,8200
14,ANTH,8300
14,ANTH,8310
14,ANTH,8400
14,ANTH,8410
14,ANTH,8420
14,ANTH,8500
14,ANTH,8510
14,ANTH,8520
14,ANTH,8530
14,ANTH,8540
14,ANTH,8570
14,ANTH,8580
14,ANTH,8590
14,ANTH,8610
14,ANTH,8610E
14,ANTH,8620
14,ANTH,8630
14,ANTH,9000
14,ANTH,9005
14,ANTH,9300
14,ANTH,3460
14,AFST,3460
14,ANTH,4260
14,BIOL,4260
14,ECOL,4260
14,ENTO,4260
14,PBIO,4260
14,ECOL,4210
14,ECOL,4290
14,ANTH,4210
14,ANTH,4290
14,ANTH,4480
14,HIST,4480
14,ANTH,4470
14,HIST,4470
14,NAMS,4470
14,ANTH,3080
14,LING,3080
14,LING,4031
14,LING,4090
14,LING,8880
14,ANTH,4031
14,ANTH,4090
14,ANTH,8880
14,NAMS,3410
14,NAMS,3410H
14,NAMS,4020
14,NAMS,4080
14,NAMS,4310
14,NAMS,4550
14,ANTH,3410
14,ANTH,3410H
14,ANTH,4020
14,ANTH,4080
14,ANTH,4310
14,ANTH,4550
14,NAMS,3270
14,NAMS,3430
14,NAMS,4460
14,ANTH,3270
14,ANTH,3430
14,ANTH,4460
14,LACS,3270
14,LACS,3430
14,LACS,4460
14,ANTH,4300
14,PBIO,4300
14,CLAS,2000
14,ANTH,2000
14,CMLT,3030
14,AFST,3030
14,ANTH,3030
14,CMLT,3180
14,CMLT,3190
14,CMLT,3240
14,ANTH,3180
14,ANTH,3190
14,ANTH,3240
14,CRSS,4930
14,HORT,4930
14,ANTH,4930
14,GEOG,4930
14,ECOL,4930
14,ECOL,8110
14,ANTH,8110
14,ECOL,6140
14,FORS,6140
14,ANTH,6140
14,ANTH,7150
14,EFND,7150
14,FORS,4760
14,CRSS,4760
14,ECOL,4760
14,ANTH,4760
14,GEOL,4340
14,GEOL,4700
14,ANTH,4340
14,ANTH,4700
14,HONS,2040H
14,HONS,2050H
14,HONS,4040H
14,HONS,4050H
14,ANTH,2040H
14,ANTH,2050H
14,ANTH,4040H
14,ANTH,4050H
14,HORT,3440
14,ANTH,3440
14,PBIO,3440
14,ANTH,4860
14,ANTH,8210
14,ANTH,2010
14,LING,4860
14,MARS,8210
14,PATH,2010
14,PATH,3010
14,ANTH,3010
14,PBIO,3010
14,RELI,4110
14,RELI,4640
14,ANTH,4110
14,ANTH,4640
14,RELI,4701
14,ANTH,4701
14,NAMS,4701
14,RLST,4270
14,FORS,4270
14,ANTH,4270
14,RLST,5400
14,NRRT,5400
14,ANTH,5400
14,SOCI,6450
14,ANTH,6450
14,ECON,1100
14,ECON,2100
14,ECON,2105
14,ECON,2105H
14,ECON,2106
14,ECON,2106H
14,ECON,2200
14,ECON,2200H
14,ECON,4000
14,ECON,4010
14,ECON,4010H
14,ECON,4020H
14,ECON,4020
14,ECON,4030
14,ECON,4030H
14,ECON,4040
14,ECON,4100
14,ECON,4150
14,ECON,4200
14,ECON,4250H
14,ECON,4250
14,ECON,4300
14,ECON,4310
14,ECON,4350
14,ECON,4360
14,ECON,4400
14,ECON,4450
14,ECON,4460
14,ECON,4500
14,ECON,4550
14,ECON,4600
14,ECON,4650
14,ECON,4700
14,ECON,4710
14,MARK,4750
14,ECON,4750
14,ECON,4800
14,ECON,4850H
14,ECON,4850
14,ECON,5900H
14,ECON,5900
14,ECON,5960H
14,ECON,5970H
14,ECON,5990
14,ECON,7000
14,ECON,7300
14,ECON,7900
14,ECON,7910
14,ECON,7920
14,ECON,7930
14,ECON,7940
14,ECON,7950
14,ECON,8000
14,ECON,8010
14,ECON,8020
14,ECON,8030
14,ECON,8040
14,ECON,8050
14,ECON,8060
14,ECON,8070
14,ECON,8080
14,ECON,8090
14,ECON,8110
14,ECON,8120
14,ECON,8130
14,ECON,8210
14,ECON,8220
14,ECON,8310
14,ECON,8320
14,ECON,8410
14,ECON,8420
14,ECON,8510
14,ECON,8520
14,ECON,8610
14,ECON,8620
14,ECON,8710
14,ECON,8720
14,ECON,8810
14,ECON,8820
14,ECON,8850
14,ECON,8900
14,ECON,8980
14,ECON,8990
14,ECON,9000
14,ECON,9005
14,ECON,9300
14,POLS,1101
14,POLS,1105H
14,POLS,2000
14,POLS,2000H
14,POLS,3000
14,POLS,3100H
14,POLS,3600
14,POLS,3700
14,SOCI,3700
14,POLS,4010
14,POLS,4020
14,POLS,4030
14,POLS,4040
14,POLS,4060
14,POLS,4070
14,POLS,4071
14,POLS,4072
14,POLS,4073
14,POLS,4080
14,POLS,4090
14,POLS,4090H
14,POLS,4105H
14,POLS,4105
14,POLS,4150H
14,POLS,4150
14,POLS,4190
14,POLS,4190H
14,AFAM,4200
14,POLS,4200
14,POLS,4207H
14,INTL,4325
14,POLS,4325
14,POLS,4510
14,POLS,4515
14,POLS,4515H
14,POLS,4520H
14,POLS,4520
14,POLS,4530
14,POLS,4530H
14,POLS,4540H
14,POLS,4540
14,POLS,4550
14,POLS,4555
14,POLS,4555H
14,POLS,4560
14,POLS,4600
14,POLS,4605
14,POLS,4605H
14,POLS,4610H
14,POLS,4610
14,POLS,4640
14,POLS,4640H
14,POLS,4650
14,POLS,4660
14,POLS,4660H
14,POLS,4690
14,POLS,4700H
14,POLS,4700
14,POLS,4702
14,POLS,4710H
14,POLS,4710
14,POLS,4720
14,POLS,4730
14,POLS,4740
14,POLS,4740H
14,POLS,4750
14,POLS,4780
14,POLS,4780H
14,POLS,4790
14,POLS,4790H
14,POLS,4900
14,POLS,4960
14,POLS,4960H
14,POLS,4990H
14,POLS,5010
14,POLS,5020
14,POLS,5100
14,POLS,5101
14,POLS,5102
14,POLS,5110
14,POLS,5111
14,POLS,5112
14,POLS,5120
14,POLS,5121
14,POLS,5122
14,POLS,5130
14,POLS,5131
14,POLS,5132
14,POLS,5500
14,POLS,5510
14,POLS,5520
14,SOCI,5500
14,SOCI,5510
14,SOCI,5520
14,POLS,6000
14,POLS,6020
14,POLS,6040
14,POLS,6080
14,POLS,6090
14,POLS,6100
14,POLS,6105
14,POLS,6140
14,POLS,6170
14,POLS,6190
14,POLS,6400
14,POLS,6440
14,PADP,6490
14,POLS,6490
14,POLS,6790
14,POLS,7000
14,POLS,7005
14,POLS,7010
14,POLS,7012
14,POLS,7014
14,POLS,7060
14,POLS,7300
14,POLS,8000
14,POLS,8020
14,POLS,8040
14,POLS,8050
14,POLS,8060
14,POLS,8065
14,POLS,8080
14,POLS,8090
14,POLS,8105
14,POLS,8110
14,POLS,8120
14,POLS,8130
14,POLS,8140
14,POLS,8150
14,POLS,8155
14,POLS,8160
14,POLS,8165
14,POLS,8170
14,POLS,8180
14,POLS,8190
14,POLS,8410
14,POLS,8430
14,POLS,8450
14,POLS,8460
14,POLS,8500
14,POLS,8501
14,POLS,8505
14,POLS,8510
14,POLS,8790
14,POLS,9000
14,POLS,9005
14,POLS,9200
14,POLS,9300
14,PSYC,1030H
14,PSYC,1101E
14,PSYC,1101
14,PSYC,2101
14,AFAM,2150
14,PSYC,2150
14,PSYC,2530
14,PSYC,3030
14,HONS,3040H
14,PSYC,3040H
14,PSYC,3100
14,AFAM,3150
14,PSYC,3150
14,PSYC,3230
14,PSYC,3260
14,PSYC,3300
14,ARTI,3550
14,PSYC,3550
14,EPSY,3550
14,PHIL,3550
14,PSYC,3600
14,PSYC,3601
14,PSYC,3810
14,PSYC,3900H
14,PSYC,3980
14,PSYC,3990
14,PSYC,4100
14,PSYC,4110
14,PSYC,4120
14,PSYC,4130
14,PSYC,4140
14,PSYC,4150
14,PSYC,4200
14,PSYC,4210
14,PSYC,4220
14,PSYC,4230
14,PSYC,4240
14,PSYC,4300
14,PSYC,4330
14,AFAM,4500E
14,AFAM,4500
14,AFAM,4550
14,PSYC,4500E
14,PSYC,4500
14,PSYC,4550
14,PSYC,4600
14,PSYC,4650
14,PSYC,4700
14,GRNT,4700
14,PSYC,4800
14,PSYC,4850
14,PSYC,4910
14,PSYC,4920
14,PSYC,4930
14,PSYC,4960H
14,PSYC,4970H
14,PSYC,4980H
14,PSYC,4990H
14,PSYC,5100
14,PSYC,5240
14,GRNT,5266
14,PSYC,5266
14,PSYC,5750
14,PSYC,5770
14,PSYC,5780
14,PSYC,5850
14,PSYC,6100
14,PSYC,6110
14,PSYC,6130
14,PSYC,6160
14,PSYC,6180
14,PSYC,6200
14,PSYC,6210
14,PSYC,6220
14,PSYC,6240
14,PSYC,6250
14,PSYC,6310
14,PSYC,6320
14,PSYC,6400
14,PSYC,6410
14,PSYC,6420
14,PSYC,6430
14,PSYC,6440
14,PSYC,6560
14,PSYC,6650
14,PSYC,6670
14,PSYC,7000
14,PSYC,7300
14,PSYC,7520
14,PSYC,7530
14,PSYC,7540
14,PSYC,7550
14,PSYC,8000
14,PSYC,8060
14,PSYC,8130
14,EPSY,8130
14,LING,8130
14,PSYC,8210
14,PSYC,8220
14,PSYC,8230
14,PSYC,8240
14,PSYC,8260
14,PSYC,8270
14,PSYC,8280
14,PSYC,8290
14,PSYC,8300
14,PSYC,8330
14,PSYC,8350
14,PSYC,8360
14,PSYC,8370
14,PSYC,8380
14,PSYC,8500
14,PSYC,8510
14,PSYC,8520
14,PSYC,8540
14,PSYC,8550
14,PSYC,8600
14,PSYC,8710
14,PSYC,8790
14,PSYC,8810
14,PSYC,8840
14,PSYC,8850
14,PSYC,8860
14,PSYC,8870
14,PSYC,8890
14,PSYC,8900
14,CHFD,8920
14,PSYC,8920
14,PSYC,8930
14,PSYC,8940
14,PSYC,8950
14,PSYC,8980
14,PSYC,8990
14,PSYC,9000
14,PSYC,9100
14,PSYC,9200
14,PSYC,9250
14,PSYC,9300
14,PSYC,9880
14,SOCI,1101
14,SOCI,1101H
14,AFAM,2020
14,SOCI,2020
14,SOCI,2090
14,AFST,2100
14,ANTH,2100
14,CMLT,2100
14,HIST,2100
14,GEOG,2100
14,SOCI,2100
14,SOCI,2420
14,SOCI,2470
14,SOCI,2500
14,SOCI,2600
14,SOCI,2730
14,AFAM,2820
14,SCOI,2820
14,SOCI,2850
14,SOCI,3000
14,SOCI,3010
14,SOCI,3030
14,SOCI,3060
14,SOCI,3070
14,SOCI,3080
14,SOCI,3100
14,SOCI,3110
14,SOCI,3140
14,SOCI,3150
14,SOCI,3220
14,SOCI,3220W
14,SOCI,3230
14,SOCI,3250
14,SOCI,3270
14,SOCI,3280
14,SOCI,3290
14,AFAM,3300
14,AFAM,3310
14,SOCI,3300
14,SOCI,3310
14,SOCI,3320
14,SOCI,3330
14,SOCI,3350
14,SOCI,3400
14,SOCI,3460
14,SOCI,3500
14,SOCI,3550
14,SOCI,3590
14,SOCI,3600
14,POLS,3700
14,SOCI,3700
14,SOCI,3730
14,SOCI,3740
14,SOCI,3750
14,SOCI,3810W
14,SOCI,3810
14,SOCI,3820
14,SOCI,3830
14,SOCI,3850
14,SOCI,3860
14,SOCI,3900W
14,SOCI,3900
14,SOCI,3950
14,SOCI,4010
14,SOCI,4240
14,SOCI,4260
14,SOCI,4280
14,WMST,4280
14,SOCI,4290
14,LACS,4290
14,SOCI,4300
14,INTL,4320S
14,SOCI,4320S
14,SOCI,4350
14,AFAM,4370
14,SOCI,4370
14,SOCI,4470
14,SOCI,4500
14,SOCI,4560S
14,SOCI,4560
14,INTL,4560S
14,INTL,4560
14,SOCI,4580
14,SOCI,4610
14,AFAM,4580
14,CHFD,4610
14,SOCI,4650
14,SOCI,4660
14,SOCI,4730
14,SOCI,4800
14,SOCI,4830
14,SOCI,4900
14,SOCI,4930
14,SOCI,4960H
14,SOCI,4990H
14,SOCI,5500
14,SOCI,5510
14,SOCI,5520
14,POLS,5500
14,POLS,5510
14,POLS,5520
14,SOCI,6010
14,SOCI,6050
14,SOCI,6060
14,SOCI,6090
14,SOCI,6150
14,SOCI,6160
14,SOCI,6190
14,SOCI,6220
14,SOCI,6230
14,SOCI,6270
14,SOCI,6280
14,SOCI,6370
14,AFAM,6370
14,SOCI,6410
14,SOCI,6420
14,SOCI,6450
14,ANTH,6450
14,SOCI,6470
14,SOCI,6490
14,SOCI,6500
14,SOCI,6600
14,SOCI,6620
14,SOCI,6630
14,SOCI,6700
14,SOCI,6750
14,SOCI,6800
14,SOCI,6810
14,SOCI,6820
14,SOCI,6830
14,SOCI,6850
14,SOCI,6900
14,SOCI,6950
14,SOCI,7000
14,SOCI,7005
14,SOCI,7300
14,SOCI,8000
14,SOCI,8010
14,SOCI,8030
14,SOCI,8200
14,SOCI,8230
14,SOCI,8250
14,SOCI,8280
14,SOCI,8290
14,WMST,8290
14,SOCI,8500
14,SOCI,8510
14,SOCI,8600
14,SOCI,8620
14,SOCI,8630
14,SOCI,8640
14,SOCI,8710
14,SOCI,8730
14,SOCI,8820
14,SOCI,8830
14,SOCI,8840
14,SOCI,9000
14,SOCI,9005
14,SOCI,9100
14,SOCI,9300
14,AFAM,2000
14,CLAS,2000
14,GEOG,1101
14,GEOG,1103
14,GEOG,1125
14,GEOG,2010H
14,GEOG,2100
14,GEOG,2130H
14,GEOG,2250H
14,GEOG,2800
14,GEOG,3620
14,GEOG,3630
14,GEOG,3640
14,GEOG,3990
14,GEOG,4610
14,GEOG,4620
14,GEOG,4630
14,GEOG,4640
14,GEOG,4650
14,GEOG,4660
14,GEOG,4670
14,GEOG,4720
14,GEOG,4730
14,GEOG,4740
14,GEOG,4680
14,GEOG,4710
14,GEOG,4750
14,GEOG,4810
14,WMST,1110
14,WMST,1110H
14,WMST,2010
14,WMST,2010H
14,GEOG,2610
15,BIOL,1103
15,BIOL,1104
15,BIOL,1107
15,BIOL,1107L
15,BIOL,1108
15,BIOL,1108L
15,BIOL,2107H
15,MARS,1020
15,ECOL,1000
15,ECOL,1000L
15,MARS,1025H
15,HONS,2080H
15,BIOL,2080H
15,CHEM,2080H
15,GEOL,2080H
15,PHYS,2080H
15,PBIO,1210
15,BIOL,1210
15,PBIO,1220
15,BIOL,1220
16,GEOG,1111
16,GEOG,1112
16,GEOG,1113
16,GEOG,1125
16,GEOG,2110H
16,GEOG,2120H
16,GEOG,2250H
16,GEOG,3010
16,GEOG,3110
16,GEOG,3210
16,GEOG,3510
16,GEOG,4020
16,GEOG,4030
16,GEOG,4040
16,GEOG,4060
16,GEOG,4120
16,GEOG,4160
16,GEOG,4220
16,GEOG,4240
16,MARS,1010
16,MARS,1010L
16,MARS,1011
16,ASTR,1010
16,ASTR,1010L
16,ASTR,1020
16,ASTR,1020L
16,ASTR,1110
16,ASTR,1110H
16,ASTR,1110L
16,ASTR,1660
16,ASTR,1870
16,ASTR,2030L
16,ASTR,4020
16,ASTR,4660
16,ASTR,4960H
16,ASTR,4970H
16,ASTR,4990H
16,CHEM,1060
16,CHEM,1110
16,CHEM,1110L
16,CHEM,1211
16,CHEM,1211L
16,CHEM,1212
16,CHEM,1212L
16,CHEM,1311H
16,CHEM,1311L
16,CHEM,1411
16,CHEM,1411L
16,CHEM,2100
16,CHEM,2100L
16,CHEM,2211
16,CHEM,2211L
16,CHEM,2212
16,CHEM,2212L
16,CHEM,2300
16,CHEM,2300L
16,CHEM,2311H
16,CHEM,2311L
16,CHEM,2411
16,CHEM,2411L
16,CHEM,2600
16,CHEM,3100
16,CHEM,3110
16,CHEM,3211
16,CHEM,3300
16,CHEM,3511
16,CHEM,3511L
16,CHEM,3600
16,CHEM,4000
16,CHEM,4000L
16,CHEM,4113
16,CHEM,4190
16,CHEM,4600
16,CHEM,4960H
16,CHEM,4970H
16,CHEM,4980H
16,CHEM,4990H
16,GEOL,1120
16,GEOL,1121
16,GEOL,1121H
16,GEOL,1121L
16,GEOL,1122
16,GEOL,1122L
16,GEOL,1250
16,GEOL,1250L
16,GEOL,3010
16,GEOL,3010L
16,GEOL,3020
16,GEOL,3020L
16,GEOL,3350
16,GEOL,3351
16,GEOL,4010
16,GEOL,4010L
16,GEOL,4130
16,GEOL,4220
16,GEOL,4261
16,GEOL,4320
16,GEOL,4330
16,GEOL,4350
16,GEOL,4620
16,GEOL,4700
16,GEOL,4750
16,GEOL,4950
16,PHYS,1010
16,PHYS,1111
16,PHYS,111L
16,PHYS,1112
16,PHYS,1112L
16,PHYS,1211
16,PHYS,1211L
16,PHYS,1212
16,PHYS,1212L
16,PHYS,1251
16,PHYS,1252
16,PHYS,1312
16,PHYS,1312L
16,PHYS,1990
16,PHYS,2001
16,PHYS,3330
16,PHYS,3330L
16,PHYS,3990
16,PHYS,4000
16,PHYS,4101
16,PHYS,4201
16,PHYS,4701
16,PHYS,4750
16,PHYS,4800
16,PHYS,4960H
16,PHYS,4970H
16,PHYS,4990H
17,AFAM,2000
17,AFAM,2000H
17,AFAM,2005
17,AFAM,2020
17,AFAM,2150
17,AFAM,2600
17,AFAM,2810
17,AFAM,2820
17,AFAM,2960
17,AFAM,3101
17,AFAM,3102
17,AFAM,3150
17,AFAM,3230
17,AFAM,3310
17,AFAM,3820
17,AFAM,3880
17,AFAM,4040
17,AFAM,4055
17,AFAM,4060
17,AFAM,4200
17,AFAM,4201
17,AFAM,4202
17,AFAM,4203
17,AFAM,4250
17,AFAM,4370
17,AFAM,4480
17,AFAM,4490
17,AFAM,4500
17,AFAM,4515
17,AFAM,4550
17,AFAM,4620
17,AFAM,4630
17,AFAM,4810
17,AFAM,4830
17,AFAM,4840
17,AFAM,4880
17,AFST,2052
17,ANTH,3410
17,ANTH,3410H
17,ANTH,3540
17,ANTH,4020
17,ANTH,4470
17,ANTH,4480
17,ARED,5310
17,CMLT,2410H
17,CMLT,2500
17,CMLT,2600
17,COMM,1800
17,SPCM,1800
17,COMM,4830
17,SPCM,4830
17,COMM,4840
17,SPCM,4840
17,SPCM,3330
17,SPCM,3820
17,SPCM,4800
17,COMM,3820
17,DRAM,4490
17,ENGL,1060H
17,ENGL,1102M
17,ENGL,2390H
17,ENGL,2400
17,ENGL,3230
17,ENGL,4040
17,ENGL,4620
17,ENGL,4630
17,ENGL,4860
17,EPSY,4061
17,ESSE,4515
17,FILM,2130
17,GEOG,1103
17,GEOG,2130H
17,HIST,2051
17,HIST,2052
17,HIST,3040
17,HIST,3050
17,HIST,3051
17,HIST,3101
17,HIST,3102
17,HIST,4055
17,HIST,4110
17,HIST,4470
17,HIST,4480
17,LING,4040
17,LLED,4630
17,ELAN,4610
17,LLED,4620E
17,ELAN,4620E
17,LLED,5040
17,ELAN,5040
17,MUSI,2040
17,MUSI,2050
17,MUSI,2060
17,MUSI,2080
17,MUSI,2960
17,NAMS,1100
17,NAMS,2004
17,NAMS,2004H
17,NAMS,3410
17,NAMS,4020
17,POLS,4200
17,POLS,4560
17,PSYC,2150
17,PSYC,3150
17,PSYC,4500
17,PSYC,4550
17,RELI,1100
17,RELI,2004
17,RELI,2004H
17,RELI,2005
17,RELI,4201
17,RELI,4202
17,RELI,4203
17,RELI,4701
17,ROML,2550
17,SOCI,2020
17,SOCI,2820
17,SOCI,3310
17,SOCI,4370
17,SPAN,2550
17,SPCM,2810
17,SPCM,4810
17,THEA,2110
17,THEA,4880
17,THEA,5480
17,WMST,1110
17,WMST,1110H
17,WMST,3110
18,CSCI,1302
18,CSCI,2670
18,CSCI,2720
18,MATH,2250
19,CSCI,4720
19,CSCI,4050
19,CSCI,4370
19,CSCI,4570
19,CSCI,4730
19,CSCI,4760
19,CSCI,3030
19,CSCI,2150
19,CSCI,4140
19,CSCI,4150
19,MATH,2260*
19,MATH,3000
19,MATH,3200
19,MATH,4670
19,MATH,4690
19,STAT,2000*
19,STAT,4210
19,CSCI,4250
19,CSCI,4570
19,CSCI,4730
19,CSCI,4760
19,CSCI,4780
19,CSCI,4050
19,CSCI,4210
19,CSCI,4370
19,CSCI,4500
19,CSCI,4570
19,CSCI,4140
19,CSCI,4150
19,CSCI,4800
19,CSCI,4810
19,CSCI,4210
19,CSCI,4470
19,CSCI,4490
19,CSCI,4850
19,CSCI,4300
19,CSCI,4330
19,CSCI,4350
19,CSCI,4370
19,MATH,3000
19,CSCI,4490
19,CSCI,4612
19,MATH,4670
19,MATH,4690
19,CSCI,4070
19,CSCI,4330
19,CSCI,4530
19,CSCI,4540
19,CSCI,4560
19,CSCI,4800